{"cameraMode":{"drawMode":0,"name":"Shaded","section":"Shading Mode"},"sceneLighting":false,"audioPlay":false,"sceneViewState":{"showFog":false,"showMaterialUpdate":false,"showSkybox":false,"showFlares":false,"showImageEffects":false,"showParticleSystems":true},"in2DMode":false,"pivot":{"x":-99.5344009399414,"y":-70.35198974609375,"z":36.98831558227539},"rotation":{"x":0.4327847361564636,"y":0.5220279097557068,"z":-0.34955912828445437,"w":0.6468518972396851},"size":96.9666976928711,"orthographic":false}